measurement,a,b,time
0,6.44356,2.57362,0.1
1,6.44318,4.00289,0.16
2,4.57114,5.03787,0.26
3,4.12805,5.32079,0.28
4,3.39326,5.11789,0.3
5,3.48634,7.3412,0.42
6,1.56324,9.65427,0.68
7,1.18678,9.62296,0.78
8,0.73022,8.24074,0.92
9,0.551301,9.31888,0.96
